Vendor,Document,Waybill,Shop Address,Amount,Date,Status
Thief River Falls,US-MN,SD-05,37 Hanson Avenue,1119,10/27/2022,1480
,AU-WA,CK-U-A,5041 Bluejay Trail,,9/4/2022,26
Linköping,SE-E,US-AK,51 Shelley Trail,172,4/9/2023,41
Galway,IE-G,TJ-SU,49 Manley Parkway,81,11/24/2022,1450
Puntarenas,CR-P,PG-EBR,67 Iowa Trail,7,4/22/2023,20
Waco,US-TX,NC-U-A,4 Ohio Lane,470,10/30/2022,10
Gitega,BI-GI,AU-QLD,9800 8th Lane,5741,11/8/2022,90
Innsbruck,AT-7,ST-S,6820 Parkside Alley,1907,1/4/2023,
Mitchell,US-SD,CA-QC,2724 Monterey Park,1304,2/10/2023,24
Toulon/Hyères/Le Palyvestre,FR-U,US-VA,92 Grasskamp Circle,7,8/14/2022,709
St. Petersburg,RU-SPE,ID-JB,2868 Arkansas Circle,78,10/27/2022,89
Portage Creek,US-AK,US-ME,3 Stephen Center,137,5/10/2022,244
,AU-NSW,GE-AJ,5078 Sycamore Terrace,966,2/8/2023,105
Thompson,CA-MB,TH-41,69 Granby Terrace,729,2/5/2023,
Dawei,MM-05,US-AK,56955 Elgar Avenue,84,4/24/2022,291
Opuwa,NA-KU,GL-U-A,2 Golf View Point,3770,5/25/2022,91
Casper,US-WY,AR-P,9182 Swallow Hill,5350,9/13/2022,206
Terrace Bay,NA-KU,CO-CAS,01 Northview Parkway,32,12/9/2022,551
Bilbao,ES-PV,YE-AD,890 Manufacturers Terrace,138,9/13/2022,7
Clarinda,US-IA,PY-11,95 Park Meadow Way,996,7/17/2022,292
Perry,US-IA,BR-PA,36677 Dayton Way,1013,10/10/2022,262
Altamira,BR-PA,ET-AM,3 Sunfield Way,369,8/7/2022,8136
Greenwood,US-MS,CO-CUN,76 Ridgeview Court,162,10/11/2022,1315
Shangrao,CN-36,PG-MPM,237 Jay Road,340,9/9/2022,6790
Odessa,UA-51,CA-ON,586 Rigney Park,172,11/27/2022,1354
Palacios,US-TX,DE-RP,09172 Elmside Avenue,14,10/22/2022,1649
,CD-BN,US-MT,15 Portage Lane,1063,1/7/2023,3680
,CD-OR,BR-MT,459 Caliangt Plaza,1378,10/20/2022,1083
,AU-VIC,ID-NT,10 Mayer Lane,282,2/3/2023,1027
Malamala,ZA-NP,US-HI,2 Prairieview Place,1124,5/19/2022,256
Shanghai,CN-31,VN-23,3 Farragut Plaza,13,11/15/2022,33
Franklin,US-VA,EG-C,96 Nelson Hill,41,10/4/2022,382
Napakiak,US-AK,TH-31,3439 Randy Road,17,10/2/2022,590
Semey,KZ-VOS,CN-65,717 East Court,761,10/16/2022,4232
Coronation,CA-AB,FR-D,416 Valley Edge Alley,2595,4/24/2022,726
Ghaba,OM-WU,SA-04,82 Cascade Parkway,443,10/14/2022,1174
Khon Kaen,TH-40,PG-JI,53048 Clyde Gallagher Junction,670,6/3/2022,4250
Namsang,MM-17,US-NH,94 Drewry Junction,3100,11/27/2022,1245
Igaliku,GL-U-A,MW-RU,63 Buhler Avenue,,10/14/2022,7759
Branson / Hollister,US-MO,US-WI,27 Stang Hill,940,4/8/2023,1110
Two Harbors,US-CA,BR-MT,34694 Ryan Plaza,,8/30/2022,1035
Bordj Badji Mokhtar,DZ-01,US-NY,7 Lukken Place,1303,1/25/2023,198
Koliganek,US-AK,CA-NL,7679 Clarendon Avenue,269,10/19/2022,74
Margarima,PG-SHM,CH-SG,23 Blackbird Plaza,7291,6/7/2022,1306
Waana,PK-TA,CO-ANT,7019 Pleasure Pass,4550,11/12/2022,6955
Fare,PF-U-A,CN-65,37 Bonner Parkway,7,4/5/2023,934
Pastos Bons,BR-MA,CL-MA,2 Park Meadow Center,197,9/14/2022,217
Desroches Island,SC-15,TZ-02,6294 Sherman Center,10,10/1/2022,182
Kankan,GN-K,CN-52,6306 Crownhardt Plaza,1234,10/27/2022,
,AU-NT,SE-Y,260 Forest Dale Hill,,5/24/2022,16
Big Rapids,US-MI,SO-GE,6 Holmberg Circle,990,9/13/2022,755
Anvik,US-AK,US-WI,3 Lakewood Gardens Circle,291,1/25/2023,661
,AU-QLD,IR-18,82362 Morningstar Terrace,61,5/13/2022,2414
Cross City,US-FL,RU-KHM,5 Barby Court,42,12/12/2022,98
Cananea,MX-SON,AU-QLD,7186 Northfield Hill,4921,1/2/2023,1585
Hrodna,BY-HR,CA-MB,28122 Welch Avenue,443,6/26/2022,621
Parakou,BJ-BO,MV-29,48 Anthes Place,1266,6/13/2022,17
Banyuwangi,ID-JI,TD-KA,95 Erie Way,112,5/17/2022,984
Kasba Lake,CA-NT,US-IN,4714 Carey Place,1131,8/21/2022,812
Bella Union,UY-AR,CA-SK,846 Swallow Alley,70,12/14/2022,1405
Kiryat Shmona,IL-Z,AR-M,75567 Sachtjen Parkway,381,1/14/2023,4685
La Verne,US-CA,CA-ON,1 Dovetail Plaza,1011,3/27/2023,1023
Kapanga,CD-KA,BY-MA,777 Huxley Way,3025,11/15/2022,637
Lambarene,GA-3,OM-WU,94 American Ash Avenue,82,2/6/2023,473
Erenhot,CN-15,CR-P,42 Petterle Trail,3301,5/23/2022,33
Shaktoolik,US-AK,US-NM,9 Kim Alley,24,11/10/2022,4289
Stara Zagora,BG-24,KZ-KAR,89 Vahlen Center,558,11/8/2022,1446
St Paul,US-MN,US-NV,3948 Monument Way,705,8/11/2022,4700
Durango,US-CO,BR-PA,1 Darwin Circle,6685,11/22/2022,440
Kenora,CA-ON,RE-U-A,76521 Fremont Alley,1332,7/1/2022,59
Fritzlar,DE-HE,RU-SA,49 Luster Place,1345,1/15/2023,1660
Pendleton,US-OR,MX-BCS,3 Texas Center,1497,2/10/2023,800
Ölgii,MN-071,GB-ENG,01 Algoma Street,,3/15/2023,55
Arequipa,PE-ARE,NP-GA,2930 Goodland Terrace,8405,6/3/2022,11001
Lebel-sur-Quévillon,CA-QC,IL-D,18 East Road,960,12/24/2022,656
Jabor Jaluit Atoll,MH-JAL,ID-KI,14 Old Shore Alley,4,8/22/2022,33
Tougan,BF-SOR,SL-W,62 Transport Road,984,7/15/2022,60
Ambatondrazaka,MG-A,US-MO,47465 Ilene Trail,2513,3/4/2023,870
Macará,EC-L,CL-VS,129 2nd Crossing,1508,6/5/2022,227
Moala,FJ-E,ES-CS,16559 Bobwhite Lane,13,8/13/2022,1145
Alexander Bay,ZA-NC,FJ-N,077 Burrows Road,98,10/16/2022,88
Nelson,NZ-NSN,US-FL,36 Continental Park,17,9/4/2022,30
Cherskiy,RU-SA,AU-SA,8 Ludington Avenue,20,1/14/2023,
Sanikiluaq,CA-NU,MY-13,72 Talmadge Road,104,5/5/2022,2150
Eastover,US-SC,DJ-AS,07 Harper Terrace,254,2/26/2023,2320
Bielefeld,DE-NW,BR-RO,29 Blue Bill Park Crossing,454,4/13/2023,555
Jacksonville,US-AR,PK-PB,84375 Petterle Place,311,8/7/2022,1646
San Andrés,CO-SAP,PK-SD,53 Judy Road,19,4/3/2023,219
Bentota,LK-1,IN-BR,904 Rusk Parkway,,6/27/2022,170
Tegucigalpa,HN-FM,GB-ENG,1 Dottie Place,3294,10/5/2022,13
Jequié,BR-BA,US-ME,398 Lien Alley,646,11/9/2022,83
Jacobina,BR-BA,US-AZ,056 Harbort Hill,1640,2/3/2023,3179
Aurora,SR-SI,CA-NT,014 Ramsey Circle,236,3/14/2023,1413
Lusambo,CD-KE,PT-17,27263 Meadow Vale Circle,1407,7/19/2022,1805
Kelanoa,PG-MPL,AR-B,48608 Merchant Court,40,4/23/2023,278
Yeosu,KR-46,PK-BA,3 Mcbride Street,53,12/19/2022,33
Jacksonville,US-TX,CN-34,1 Hagan Center,677,5/12/2022,108
Frankfurt am Main,DE-HE,PL-SL,34 East Circle,384,3/4/2023,1316
Abbse,YE-SN,MD-RS,28119 Sage Junction,651,3/27/2023,758
Kamarang,GY-CU,GB-ENG,6589 Manufacturers Place,1601,8/7/2022,53
St George,US-UT,FR-I,10881 Stone Corner Lane,2941,7/28/2022,645
Tanacross,US-AK,NA-OT,8 Rieder Center,1549,5/12/2022,3639
Gütersloh,DE-NW,DZ-36,66 Anzinger Court,236,2/7/2023,16
Mombaça,BR-CE,RU-BA,89001 Autumn Leaf Center,748,3/30/2023,449
Pangoa,PG-WPD,CA-QC,82323 Southridge Avenue,60,5/22/2022,112
Cleveland,US-OH,NO-05,2334 Starling Crossing,879,10/22/2022,2697
Mohe,CN-23,CA-NT,80 Schlimgen Circle,1836,2/9/2023,332
Surigao City,PH-SUN,AU-QLD,492 Sachtjen Way,20,8/1/2022,41
Itokama,PG-NPP,TH-16,27 Carberry Park,2563,11/9/2022,95
Palmar Sur,CR-P,FR-R,73 Tony Terrace,49,2/14/2023,443
Joensuu / Liperi,FI-IS,AU-NT,91 Maple Wood Way,398,10/3/2022,85
Ciudad del Carmen,MX-CAM,MZ-B,54 Everett Point,10,5/5/2022,2287
Shawnee,US-OK,US-KS,16171 Gerald Pass,1073,11/29/2022,1953
Pine Bluff,US-AR,MF-U-A,03069 Michigan Point,206,5/28/2022,0
Lawrenceville,US-IL,IT-52,853 Thierer Hill,430,8/9/2022,17
Camp Roberts/San Miguel,US-CA,US-MI,2806 Mendota Road,630,8/8/2022,1182
Quion Hill,VU-SEE,US-KY,3876 Stuart Way,16,5/4/2022,979
Itokama,PG-NPP,US-WI,87 Leroy Alley,2563,10/19/2022,742
León,ES-CL,US-IL,26428 Sundown Crossing,3006,7/24/2022,768
Cox's Bazar,BD-2,DE-NW,6 Morrow Place,12,11/11/2022,1966
Chignik,US-AK,AU-NT,0754 Luster Point,,3/21/2023,256
Kagau Island,SB-CH,US-OH,647 Arizona Road,30,7/3/2022,1192
Ancud,CL-LL,MM-02,12047 Maple Wood Parkway,315,11/30/2022,120
Santiago,DO-25,CA-QC,4 Delladonna Avenue,565,11/14/2022,129
,AU-QLD,NP-KO,37 Waubesa Drive,1110,5/20/2022,236
Gabbs,US-NV,PG-WPD,84 Moulton Circle,4700,9/30/2022,51
Taszár,HU-SO,AU-QLD,560 Logan Place,531,9/12/2022,15
,US-TX,US-WI,9806 Oriole Point,,4/29/2022,1478
Donegal,IE-DL,US-AK,7 Caliangt Road,30,12/13/2022,55
El Bagre,CO-ANT,ET-GA,74569 Judy Crossing,180,5/28/2022,1614
Qishn,YE-MR,MX-TAM,112 Evergreen Park,98,6/14/2022,80
Fort Lewis/Tacoma,US-WA,AU-QLD,487 Utah Court,300,1/11/2023,390
Crane,US-TX,PM-ML,99 Sloan Junction,2552,6/1/2022,10
Indore,IN-MP,US-OH,261 Troy Terrace,1850,5/30/2022,483
Simikot,NP-KA,BR-RS,01854 Fairfield Lane,9246,11/3/2022,502
Namatanai,PG-NIK,US-WA,45257 Prairie Rose Crossing,150,11/14/2022,31
Guarujá,BR-SP,US-HI,0621 Vernon Avenue,10,7/13/2022,24
Altair,BR-SP,AU-QLD,70207 Maywood Court,1673,10/16/2022,2228
Santarém,BR-PA,US-ND,2 3rd Way,440,10/4/2022,1661
Granite Mountain,US-AK,CN-23,96 Doe Crossing Lane,1313,4/17/2023,8530
Andahuaylas,PE-APU,RU-KO,59149 Manufacturers Trail,11300,9/8/2022,262
Decatur,US-WA,US-VA,85225 Orin Junction,38,1/12/2023,193
Roanne/Renaison,FR-V,US-FL,33 Fulton Terrace,1106,1/6/2023,3
Dhaka,BD-3,AU-WA,66 Spaight Avenue,30,12/6/2022,1502
Brunswick,US-GA,BR-PA,1317 2nd Way,19,1/17/2023,656
Tum,ET-SN,AU-QLD,34 Moulton Plaza,4700,3/14/2023,
Pekanbaru-Sumatra Island,ID-RI,US-CA,46371 Merry Street,102,1/31/2023,2
Leirvik,NO-12,US-NY,23059 Lindbergh Hill,160,12/22/2022,954
Red Lake,CA-ON,US-TX,983 Karstens Point,1265,8/28/2022,15
San Diego,US-CA,RU-YAR,2163 Monica Drive,17,8/29/2022,423
Qian Gorlos Mongol Autonomous County,CN-22,AU-WA,2 Victoria Place,459,11/29/2022,1203
Torembi,PG-ESW,EG-JS,1 Ridgeway Avenue,90,12/21/2022,143
Ust-Kuyga,RU-SA,TH-23,8 Veith Drive,315,1/16/2023,105
Tamarindo,CR-G,DE-NI,08 Del Sol Terrace,41,9/24/2022,7
,AU-NT,BS-BI,13 Crescent Oaks Plaza,91,6/26/2022,10
Changzhou,CN-32,US-AZ,905 Westport Terrace,,4/12/2023,5157
Jacmel,HT-SE,PA-5,7 Talisman Lane,167,2/15/2023,1047
Rockland,US-ME,AR-B,197 Hoepker Hill,56,4/2/2023,67
Plainview,US-TX,PK-NA,27 Fieldstone Lane,3374,11/19/2022,4796
Valparaiso,US-FL,BR-PR,7 Delaware Place,87,4/23/2023,3314
Edremit,TR-10,US-AK,02 Eliot Avenue,50,11/29/2022,40
Blackstone,US-VA,US-AK,4755 Bartillon Trail,439,12/12/2022,12
Iki,JP-42,CA-ON,894 Mitchell Way,41,6/16/2022,925
Corsicana,US-TX,US-CT,386 Corben Street,449,9/25/2022,18
Moolawatana Station,AU-SA,GW-BL,00 Acker Center,265,6/28/2022,
Teófilo Otoni,BR-MG,US-OK,1 Forster Trail,1572,12/4/2022,720
Baia Mare,RO-MM,LK-1,82213 Iowa Way,605,3/30/2023,0
Leiden,NL-ZH,MH-MAL,4060 Green Lane,1,4/17/2023,4
Marseille,FR-U,BJ-CO,10 Pine View Court,74,12/29/2022,597
Santa Rosa,US-CA,NZ-WTC,44 Shoshone Hill,128,9/14/2022,10
Milingimbi Island,AU-NT,AU-QLD,8475 Oakridge Terrace,53,9/12/2022,645
Dori,BF-SEN,PF-U-A,76 Sundown Park,919,12/29/2022,220
Easton,US-WA,GB-ENG,53 Troy Way,2226,8/5/2022,400
Rennell Island,SB-RB,EC-G,2 Valley Edge Alley,,10/20/2022,18
Sidney,US-NE,IN-KA,0317 Farragut Avenue,4313,1/22/2023,30
Weihai,CN-37,US-OH,0 Gateway Road,145,1/18/2023,580
Vagar,FO-U-A,US-AK,9 8th Way,280,5/7/2022,79
Perugia,IT-55,US-AK,836 Ohio Park,697,5/19/2022,158
Nzérékoré,GN-N,CA-ON,0 Elka Alley,1657,11/26/2022,1125
Gerald's Park,MS-U-A,LK-7,33702 Mockingbird Parkway,550,11/14/2022,170
Medford,US-WI,BR-MA,01 Sachs Trail,1478,9/9/2022,509
Horizontina,BR-RS,US-OH,89404 Fairfield Alley,1063,2/21/2023,879
Santo Antônio Do Içá,BR-AM,US-IA,03 Vahlen Circle,131,2/23/2023,730
Florence,US-OR,US-CA,2871 Portage Junction,51,5/30/2022,4012
Lovelock,US-NV,FM-YAP,6 Riverside Crossing,3904,5/31/2022,6
La Ribera,MX-BCS,CA-NU,738 Becker Way,55,12/17/2022,110
Tanjung Selor-Borneo Island,ID-KU,CR-A,887 Springview Plaza,10,8/31/2022,184
Kumamoto,JP-43,US-CA,23 Morrow Terrace,642,11/1/2022,336
Muskrat Dam,CA-ON,AU-TAS,548 Monterey Point,911,1/8/2023,48
Vopnafjörður,IS-7,AU-QLD,9049 Crowley Trail,16,10/27/2022,145
,BS-RI,BR-MA,99 Pawling Hill,6,8/7/2022,85
Tegucigalpa,HN-FM,IQ-BG,28805 Farmco Place,3294,12/30/2022,114
Little Cayman,KY-U-A,VU-TAE,4 Jenna Circle,3,4/18/2023,19
Lake Rudolf,KE-700,BZ-OW,5 Summer Ridge Alley,1300,4/2/2023,111
Cap Haitien,HT-ND,IS-4,1 Carioca Road,10,2/12/2023,11
Crane,US-TX,US-NY,0 Fremont Place,2552,8/14/2022,75
Longyearbyen,NO-21,BR-SP,15 Susan Drive,88,5/30/2022,3012
Namlea-Buru Island,ID-MA,PG-WPD,59 Northview Drive,41,3/7/2023,305
Fort Pierce,US-FL,BR-RS,0 Independence Place,24,1/17/2023,256
Dumai-Sumatra Island,ID-RI,BR-RS,52470 Kinsman Crossing,55,1/7/2023,27
Sana'a,YE-SN,US-TN,3 Muir Parkway,7216,11/24/2022,308
Yiwu,CN-33,US-OH,61842 Bunting Junction,262,9/16/2022,813
Sharana,AF-PKA,JP-32,78622 Russell Place,7340,2/9/2023,15
Camaxilo,AO-LNO,ID-KI,1351 Porter Avenue,3957,4/29/2022,59
Boston,US-MA,IR-05,42 Petterle Center,0,9/2/2022,4404
Valdez,US-AK,HK-U-A,44794 Del Mar Pass,121,11/15/2022,28
,SA-01,MY-11,18 Merrick Place,1651,9/2/2022,36
Perryville,US-AK,US-VA,3578 Veith Alley,29,8/8/2022,41
Magda,BR-SP,US-NJ,569 Thompson Street,1437,2/26/2023,187
Grimsby,GB-ENG,BR-MT,37932 Amoth Hill,121,10/27/2022,1083
Valcartier,CA-QC,CA-QC,01 Fordem Road,550,10/31/2022,700
Ust-Tsylma,RU-KO,US-AK,6703 Autumn Leaf Court,262,2/5/2023,0
Hartley Bay,CA-BC,BR-SC,72 Northland Plaza,0,3/13/2023,2180
Campbell River,CA-BC,CL-ML,4 Little Fleur Road,346,7/16/2022,591
Tanjung Pandan-Belitung Island,ID-BB,US-AK,1838 Badeau Hill,164,7/15/2022,40
Diego Garcia,IO-U-A,DJ-DJ,15536 American Plaza,9,5/22/2022,49
Bouarfa,MA-FIG,JP-23,0 Victoria Lane,3630,3/14/2023,52
Cruzeiro Do Sul,BR-AC,PG-WPD,70 Lunder Junction,637,11/5/2022,157
Islamabad,PK-PB,AU-WA,00158 Mosinee Street,1646,9/8/2022,1217
Botucatu,BR-SP,US-CA,33 Beilfuss Hill,3012,12/2/2022,61
Rafah,PS-RFH,MH-AUR,3256 Crownhardt Street,320,7/14/2022,
Morichal,CO-VAU,CN-63,760 Crescent Oaks Junction,552,6/7/2022,12816
Yari,CO-CAQ,US-IA,6787 Florence Road,569,11/11/2022,1156
Mengomeyén,GQ-WN,ST-P,5 Elka Place,2165,2/23/2023,591
Great Bend,US-KS,JP-46,9 Grim Street,1887,8/29/2022,27
Lüliang,CN-61,GR-17,381 Truax Court,,1/18/2023,26
Muzaffarabad,PK-JK,US-CA,7787 Westport Way,2691,10/7/2022,2351
Gavião Peixoto,BR-SP,IN-RJ,35461 Morning Drive,1998,2/23/2023,1684
Deadman's Cay,BS-LI,CN-63,2342 Melvin Hill,9,3/6/2023,12816
Pori,FI-LS,US-CA,18365 Kropf Avenue,44,7/27/2022,3415
Decatur,US-AL,BR-AC,37 Kropf Parkway,592,5/13/2022,637
Abu Simbel,EG-ASN,GB-ENG,12 Dixon Plaza,616,3/8/2023,14
Puerto Ordaz-Ciudad Guayana,VE-F,TH-80,42 Mesta Terrace,472,2/11/2023,64
Santo Domingo,DO-01,MR-11,68243 Dunning Lane,190,2/15/2023,961
Magdalena,BO-B,IN-BR,868 Pankratz Road,462,6/19/2022,847
Dubrovnik,HR-19,US-AZ,41977 Montana Hill,527,4/13/2023,1510
El Dorado,AR-N,AU-QLD,7104 La Follette Hill,685,6/11/2022,470
Miyazaki,JP-45,PL-PK,57 Lighthouse Bay Parkway,20,3/29/2023,675
Cruzeiro Do Sul,BR-AC,US-IN,9 Parkside Court,637,5/9/2022,973
Kjevik,NO-10,TR-17,05613 Brown Street,57,11/2/2022,73
Mokuleia,US-HI,AU-QLD,57 Brentwood Parkway,14,1/9/2023,65
Cape Lisburne,US-AK,NP-JA,46717 Eggendart Trail,16,12/7/2022,256
Düsseldorf,DE-NW,US-NY,20972 Badeau Center,147,7/3/2022,814
Cocos (Keeling) Islands,CC-U-A,MY-13,7 Kingsford Way,10,10/6/2022,750
El Alamein,EG-MT,BD-2,268 Tennessee Road,143,10/13/2022,12
Trinidad,US-CO,AU-QLD,4 Forest Run Road,5762,4/12/2023,638
Algeciras,ES-CA,US-MO,36459 Cody Crossing,98,9/22/2022,294
Tatitlek,US-AK,KR-48,5 Fisk Center,62,1/17/2023,25
Castori Islets,PG-MBA,MH-UJA,6928 4th Road,31,1/24/2023,29
Passo Fundo,BR-RS,CA-NT,690 8th Junction,2376,8/9/2022,268
Laurel,US-MS,PG-GPK,35 Chive Point,238,2/1/2023,54
Flint,US-MI,PG-NIK,73085 Gateway Street,782,5/28/2022,217
Charles City,US-IA,CN-33,5761 Badeau Terrace,1125,2/15/2023,13
Andenes,NO-18,PG-CPK,992 Twin Pines Plaza,43,12/15/2022,8400
London,GB-ENG,PL-LB,26177 Judy Hill,19,12/26/2022,194
Novo Aripuanã,BR-AM,CA-ON,16 Corry Road,118,7/1/2022,1198
Apalapsili,ID-PA,MX-SON,174 Butternut Hill,3100,7/29/2022,71
Lake Charles,US-LA,US-TX,75140 Mallory Trail,17,3/21/2023,3245
Svolvær,NO-18,FR-B,33 Waubesa Plaza,27,12/30/2022,616
Dwangwa,MW-NK,RO-MS,58511 High Crossing Street,1605,9/28/2022,963
Castro,BR-PR,US-AK,36143 Susan Center,3314,8/18/2022,230
Bunju Island,ID-KU,AU-NSW,8 Harper Hill,118,1/12/2023,966
Ji-Paraná,BR-RO,AR-S,48785 Corscot Plaza,598,3/24/2023,285
Singleton,AU-NSW,SL-N,31 Sugar Lane,46,10/8/2022,84
Pagosa Springs,US-CO,CD-KA,2 Dapin Junction,7664,2/6/2023,2772
Tachina,EC-E,MX-PUE,25628 Caliangt Circle,32,6/4/2022,5509
Dalnerechensk,RU-PRI,US-TN,0348 Moland Terrace,272,4/30/2022,434
Tocopilla,CL-AN,RU-KHA,6 6th Road,3475,7/7/2022,
Sungei Tekai,MY-01,US-NY,3717 Golf View Road,160,5/29/2022,491
San Antonio Oeste,AR-R,US-NE,0 Northfield Avenue,85,9/3/2022,2777
Baucau,TL-BA,OM-WU,6741 Canary Street,1771,12/28/2022,560
Rebun,JP-01,US-MA,819 Village Green Pass,92,12/7/2022,739
Ngiva,AO-CNN,ID-KT,60 Tennyson Parkway,3566,4/1/2023,75
Nanga Pinoh-Borneo Island,ID-KB,US-AZ,4534 Boyd Trail,123,10/15/2022,1893
Lubbock,US-TX,CO-ANT,4 Schlimgen Crossing,3282,12/21/2022,2184
Colorado Creek,US-AK,AR-B,7860 Bluestem Place,860,7/7/2022,383
Sable Island,CA-NS,US-AK,3173 Rowland Parkway,4,10/6/2022,
N'Délé,CF-BB,PF-U-A,78 Logan Junction,1631,3/8/2023,10
Hanapepe,US-HI,RU-IN,34 Oxford Pass,24,11/27/2022,1165
Ceiba,PR-U-A,GR-82,13 Delaware Crossing,38,11/14/2022,10
Alegrete,BR-RS,AU-WA,8337 Ruskin Plaza,459,5/3/2022,800
Inhaca,MZ-L,RU-CU,62 Northridge Park,10,2/14/2023,558
,TR-35,NO-15,9622 Clyde Gallagher Road,16,2/20/2023,204
Chiayi City,TW-CYQ,CU-01,13625 Eagan Junction,85,11/7/2022,131
Nikolai,US-AK,PE-APU,7280 Blue Bill Park Alley,441,12/7/2022,11300
Stockton,US-CA,NZ-CAN,25618 Springs Place,33,5/6/2022,20
Rahim Yar Khan,PK-PB,BR-RS,953 Union Avenue,271,11/17/2022,25
Greeley,US-CO,BR-SP,27 Summit Court,4697,8/11/2022,2120
Wonga Wongué Presidential Reserve,GA-3,GB-SCT,06188 Moland Avenue,600,9/13/2022,31
Burwell,US-NE,BR-TO,3 Warbler Parkway,2182,12/11/2022,771
,AU-QLD,TW-HSZ,611 Roxbury Place,15,2/25/2023,26
Enejit Island,MH-MIL,CN-15,53489 Mallory Hill,30,7/13/2022,4560
Duqm,OM-WU,GW-BL,2597 Dixon Terrace,364,9/12/2022,
Jaguaruna,BR-SC,BD-2,8645 Reindahl Crossing,120,1/1/2023,12
Tabubil,PG-WPD,CU-04,2234 Onsgard Pass,1570,11/1/2022,210
Sabetta,RU-YAN,MG-D,70981 Bonner Point,46,7/11/2022,374
Gascoyne Junction,AU-WA,BS-RS,87197 Graedel Terrace,499,5/29/2022,9
Yakushima,JP-46,JP-28,2 Kennedy Trail,124,7/19/2022,22
Barter Island Lrrs,US-AK,PF-U-A,21636 Katie Alley,2,7/29/2022,18
,AU-VIC,NO-11,26 Holy Cross Terrace,397,3/21/2023,29
Cotriguaçu,BR-MT,RU-SA,3 Delaware Point,900,10/4/2022,452
Okhotsk,RU-KHA,LU-L,40 Talmadge Street,,10/14/2022,1234
Leipzig,DE-SN,US-MI,47 Independence Circle,465,3/7/2023,824
Gillette,US-WY,PH-DAO,08634 Arapahoe Circle,4365,3/27/2023,156
Elista,RU-KL,NZ-NTL,879 Maple Crossing,501,5/11/2022,10
Tanjung Pandan-Belitung Island,ID-BB,TO-05,23 Commercial Way,164,1/19/2023,236
Maisi,CU-14,US-AR,5 Grim Terrace,3,11/12/2022,130
South Naknek,US-AK,CA-QC,0 Orin Plaza,162,2/24/2023,32
Buenos Aires,AR-C,CA-NB,61 Chive Way,18,8/3/2022,193
Blackwell,US-OK,AU-NT,5181 Westerfield Junction,1054,5/24/2022,103
Salt Lake City,US-UT,AE-DU,67 Fieldstone Drive,4227,6/14/2022,114
,AU-QLD,UY-AR,218 Spaight Center,55,12/2/2022,70
Isla Viveros,PA-8,GB-SCT,5251 Northport Place,100,4/17/2023,5
Blagoveschensk,RU-AMU,TW-PIF,95 Green Avenue,638,2/2/2023,97
Biratnagar,NP-KO,PF-U-A,6 Marquette Avenue,236,9/13/2022,10
Itapetinga,BR-BA,AU-QLD,361 Chinook Road,915,10/30/2022,21
Montevideo,US-MN,MZ-G,724 Lien Terrace,1034,4/4/2023,
Tivat,ME-19,AU-NT,01 Sundown Park,20,8/1/2022,53
San Juan,AR-J,US-AK,57 Amoth Pass,1958,1/28/2023,50
Bario,MY-13,KR-11,1290 Eliot Park,3350,1/30/2023,59
Gravatai,BR-RS,AE-AZ,2016 Mayer Way,25,1/14/2023,16
Cijulang,ID-JB,FR-R,52 Clarendon Court,16,5/21/2022,194
Saint Anne,GG-U-A,IN-MP,6740 Sutteridge Court,290,10/31/2022,1850
Hyvinkää,FI-ES,US-IA,25 Bartillon Pass,430,11/7/2022,799
Guanambi,BR-BA,US-GA,8 Northland Drive,1815,5/26/2022,355
Culleredo,ES-GA,BR-PA,133 Oxford Crossing,326,6/11/2022,670
Friday Harbor,US-WA,BR-MG,867 International Lane,,12/27/2022,1575
Carti,PA-KY,AU-NT,16052 International Circle,785,6/18/2022,89
Kansas City,US-MO,TM-A,30 Village Green Way,759,9/26/2022,692
Burao,SO-TO,PG-NSB,7 Arapahoe Street,3400,11/16/2022,1770
Bonthe,SL-S,PG-WPD,032 5th Street,14,8/26/2022,97
São Paulo,BR-SP,US-AK,1788 Anzinger Crossing,2459,6/10/2022,30
Hastings,US-NE,PF-U-A,64 Heffernan Road,1961,10/10/2022,9
Gwangju,KR-29,PG-MPL,7 Dapin Lane,39,11/11/2022,34
Daegu,KR-27,AU-QLD,02 Sauthoff Drive,116,10/5/2022,
Wantoat,PG-MPL,FR-H,09 Spohn Drive,3900,10/18/2022,209
Cape Girardeau,US-MO,US-OH,211 Holy Cross Trail,342,4/29/2022,766
Hannover,DE-NI,AU-QLD,124 Loftsgordon Junction,183,11/9/2022,304
Augusta,US-ME,US-AK,83514 Buell Road,352,4/27/2022,650
Lilongwe,MW-LI,DE-BR,3138 Esch Way,4035,10/19/2022,152
Burgas,BG-02,BF-NAM,2609 Marcy Pass,135,6/5/2022,984
Koromiko,NZ-MBH,US-WI,76 Dottie Trail,161,9/2/2022,1201
Kaohsiung City,TW-KHH,TD-LC,4 Mallory Drive,31,3/23/2023,955
Urzhar,KZ-VOS,RU-SAK,8263 Autumn Leaf Point,,10/6/2022,479
Mc Alester,US-OK,US-TN,423 Walton Court,770,7/20/2022,1032
Dolbeau-St-Félicien,CA-QC,PT-20,09 Elka Way,372,5/15/2022,259
Owatonna,US-MN,BY-MA,35814 Meadow Ridge Trail,1145,2/6/2023,637
Tennant Creek,AU-NT,US-TX,66233 Bellgrove Road,1236,8/5/2022,650
Nambucca Heads,AU-NSW,CO-COR,527 Pierstorff Trail,,9/16/2022,160
Bingöl,TR-12,ML-3,07 Beilfuss Parkway,3506,8/30/2022,1378
Ilebo,CD-KW,BR-MT,216 La Follette Way,1450,11/18/2022,1083
Vasco da Gama,IN-GA,RU-PRI,463 David Lane,150,10/7/2022,46
Masalembo Island,ID-JI,AU-WA,470 Fuller Point,30,8/17/2022,385
Ladysmith,ZA-NL,CD-BC,9833 Carberry Junction,3548,6/18/2022,26
,IN-RJ,GT-PE,57 6th Point,751,3/25/2023,753
Calgary,CA-AB,MW-MG,674 Kedzie Crossing,3557,8/27/2022,1580
Campo Grande,BR-MS,MN-043,74493 Mitchell Plaza,1833,2/12/2023,4898
Matadi,CD-BC,MX-JAL,3 Prairieview Junction,1115,8/11/2022,23
Delta,US-UT,ES-CE,63199 Autumn Leaf Street,4759,1/20/2023,8
,PF-U-A,ZA-GT,77 Charing Cross Parkway,12,5/21/2022,5558
,AU-QLD,NP-BA,68791 Morning Alley,,6/10/2022,4390
Bromont,CA-QC,MX-YUC,630 Tennessee Street,375,12/20/2022,56
Tokoname,JP-23,US-MD,8 Burning Wood Terrace,15,2/27/2023,20
Medford,US-WI,KI-G,8 Gale Circle,1478,4/9/2023,8
Montague,US-CA,KG-O,88645 Surrey Junction,2527,1/1/2023,2927
Qaisumah,SA-04,US-UT,77195 Tennessee Parkway,1174,2/24/2023,4985
Patos De Minas,BR-MG,US-CA,71 Rieder Pass,2793,10/4/2022,6752
Gore Bay,CA-ON,BO-S,16 Saint Paul Hill,635,12/14/2022,1371
Cooper Landing,US-AK,DK-81,82659 Burning Wood Terrace,450,12/8/2022,23
Minna,NG-NI,CA-QC,06195 Delladonna Circle,834,9/26/2022,550
El Maiten,AR-U,PF-U-A,4 Jana Plaza,2355,12/10/2022,160
Mal Island,PG-ESW,UZ-AN,2967 Gale Park,6,8/11/2022,1515
Wiseman,US-AK,LT-SA,70506 Duke Parkway,1180,5/30/2022,443
New York,US-NY,NP-SA,401 Waubesa Lane,7,3/5/2023,7918
Almenara,BR-MG,SD-06,87340 Morning Avenue,640,11/30/2022,1560
Tokua,PG-EBR,SA-03,88724 Milwaukee Court,32,10/11/2022,2151
Luleå,SE-BD,PK-SD,86418 Vera Lane,65,5/1/2022,219
Xingyi,CN-52,ID-NT,90 Sutherland Lane,4150,12/13/2022,957
Tangshan,CN-13,US-WI,557 Crescent Oaks Plaza,50,3/3/2023,808
Kunashir Island,RU-SAK,MG-D,557 Pearson Park,584,5/4/2022,20
Santo Domingo,DO-01,US-KY,1 Park Meadow Court,59,7/23/2022,775
Waca,ET-OR,UZ-NG,64453 Service Trail,4200,9/25/2022,1555
,AU-QLD,US-UT,13 Pleasure Way,676,12/19/2022,5022
Mungeranie,AU-SA,TL-LA,0 Grayhawk Lane,,8/25/2022,150
Cholet/Le Pontreau,FR-R,PG-WBK,8435 Sycamore Avenue,443,1/12/2023,33
Evanston,US-WY,US-WA,966 Fairfield Lane,7143,2/20/2023,606
Mumbai,IN-MM,CN-65,21984 Declaration Way,39,1/24/2023,
Orel,RU-ORL,JP-03,8 Comanche Circle,656,9/13/2022,297
Fort Worth,US-TX,US-TX,60 Rowland Terrace,722,9/21/2022,508
Varandey,RU-NEN,SR-CR,6573 Vernon Point,39,5/27/2022,10
Ciudad del Este,PY-10,KP-01,8192 Kings Plaza,846,7/7/2022,117
Magda,BR-SP,CN-61,7 Iowa Trail,1437,7/4/2022,
Cordoba,AR-X,AU-QLD,1533 Esch Center,1604,12/13/2022,58
Sumbawanga,TZ-20,VN-07,81 Lukken Pass,5960,12/10/2022,101
Orel,RU-ORL,CA-MB,3980 Talmadge Center,656,5/26/2022,951
Bapi,PG-MPL,GA-7,0 Buena Vista Alley,2930,5/18/2022,1585
Brownsville,US-TX,CO-PUT,4276 Golf Course Plaza,22,7/4/2022,1248
Espargos,CV-B,TH-63,12922 Dorton Circle,177,1/27/2023,690
Adrian,US-MI,CA-ON,874 Ridge Oak Circle,798,6/17/2022,628
Ono-i-Lau,FJ-E,CN-34,26920 Prairieview Center,110,10/25/2022,100
Livengood,US-AK,SD-26,9 Prairie Rose Hill,425,2/16/2023,135
,NZ-TAS,CN-15,6 Armistice Road,102,4/9/2023,2925
Puerto Plata,DO-18,CA-BC,14180 Kropf Trail,15,12/5/2022,396
Brazzaville,CG-12,SA-04,487 Rigney Park,1048,11/3/2022,72
Amalfi,CO-ANT,FR-B,0 Rockefeller Plaza,5507,5/21/2022,106
,PG-EPW,US-TN,08 Ronald Regan Point,3692,1/13/2023,341
Tilin,MM-03,DO-01,90302 Grim Pass,1385,7/14/2022,59
Garowe,SO-NU,CZ-KA,04 Sunnyside Avenue,1465,1/25/2023,1772
Las Vegas,US-NV,SB-MK,1 Katie Point,2492,4/10/2023,3
Des Moines,US-IA,UA-18,9376 American Ash Place,958,6/24/2022,
Gifu,JP-21,IN-WB,44767 Gale Crossing,128,2/3/2023,78
Qikiqtarjuaq,CA-NU,CA-SK,62369 Barby Alley,21,12/4/2022,1605
Valdivia,CL-LR,US-WY,01 Green Ridge Trail,59,4/1/2023,4964
,AU-NT,GB-ENG,187 Schurz Park,173,2/28/2023,33
Terrell,US-TX,AE-AZ,4 Pankratz Road,474,8/7/2022,25
Debrecen,HU-HB,CO-CUN,2 Morningstar Parkway,359,12/14/2022,566
Williamtown,AU-NSW,MG-A,55982 Heffernan Road,31,6/25/2022,16
,AU-WA,BR-RS,95768 Farmco Lane,29,9/28/2022,1063
Wilmington,US-DE,US-AK,18 Judy Plaza,80,10/11/2022,267
Puttaparthi,IN-AP,AU-WA,0 Nelson Court,1558,6/27/2022,
Alta,NO-20,BR-MG,527 Bluestem Point,9,8/21/2022,591
Taman Negara,MY-06,MR-04,434 Waubesa Center,10,3/21/2023,66
Fera Island,SB-IS,AU-QLD,68446 Drewry Terrace,,4/27/2022,285
,NZ-WTC,US-WA,097 Sutteridge Alley,13,9/15/2022,115
Kulgera,AU-NT,AR-B,794 Shelley Lane,,9/6/2022,42
Frankfurt am Main,DE-HE,LT-KL,7 Scott Hill,384,4/11/2023,59
Dumpu,PG-MPM,PH-ILN,0890 Longview Way,870,12/12/2022,25
Clintonville,US-WI,US-OR,87 Gulseth Plaza,822,1/2/2023,247
Novokuznetsk,RU-KEM,US-LA,85 Kensington Street,1024,7/14/2022,8
Willemstad,CW-U-A,ID-KU,5404 Springs Trail,29,8/13/2022,30
Tonu,PG-NSB,AE-AZ,7499 Warner Way,300,2/1/2023,88
Queenstown,ZA-EC,GR-71,26949 New Castle Drive,3637,6/12/2022,24
San Juan,PR-U-A,PG-CPM,21117 Washington Trail,9,12/6/2022,4500
Scribner,US-NE,US-AK,9470 Marquette Alley,1325,3/14/2023,1313
Waterville,US-ME,SO-BR,5 Hermina Street,333,11/21/2022,30
Miami,US-FL,PK-NA,24805 Dwight Drive,8,12/11/2022,7316
Yakataga,US-AK,US-NM,326 Eastwood Plaza,12,6/6/2022,3934
Puerto Rico/Manuripi,BO-N,ID-MA,2359 Clyde Gallagher Plaza,597,11/16/2022,33
Fayetteville,US-AR,CA-ON,1803 6th Street,1251,8/5/2022,869
Dunhuang,CN-62,DE-SH,49584 Eagle Crest Alley,,2/21/2023,51
Enegu,NG-EN,OM-SH,1429 Stuart Street,466,1/26/2023,64
Lausanne,CH-VD,LY-GT,4911 Westerfield Drive,2041,4/26/2022,2296
,AU-NT,AU-VIC,83116 Fair Oaks Hill,,1/13/2023,807
Khoy,IR-02,US-AK,89391 Corben Point,3981,4/3/2023,15
Porterville,US-CA,MY-03,55 Dottie Drive,442,12/27/2022,16
Piura,PE-PIU,US-IA,4469 Donald Lane,120,5/16/2022,1077
Montenegro,BR-RS,PG-CPM,9 Canary Avenue,125,7/3/2022,6690
Huntingburg,US-IN,AU-QLD,5 Bartelt Drive,529,8/14/2022,1509
Scranton,US-PA,US-WA,4 Granby Point,1151,2/23/2023,32
Greeley,US-CO,DZ-33,26 Cody Hill,4697,8/23/2022,3176
Governor's Harbour,BS-GH,DE-TH,152 Brentwood Trail,26,6/20/2022,1036
New York,US-NY,US-NY,6 Hooker Point,21,6/10/2022,662
Bokoro,TD-CB,CL-LL,7031 Farragut Road,984,5/29/2022,13
Ulanqab,CN-15,MX-BCN,429 Old Shore Circle,,9/2/2022,74
,CA-NU,PG-MBA,3407 Logan Street,5,10/19/2022,117
Coatesville,US-PA,US-TX,0283 Annamark Hill,660,12/21/2022,470
,AU-SA,NG-AD,994 Sugar Court,52,8/3/2022,599
Bonaventure,CA-QC,BZ-SC,7533 Valley Edge Center,123,3/30/2023,216
Mananara Nord,MG-A,PG-EHG,1985 Chive Crossing,9,5/7/2022,3600
Manteo,US-NC,US-IA,2 Melrose Lane,13,9/30/2022,730
Lichinga,MZ-A,BR-BA,85211 6th Drive,4505,12/30/2022,15
Garuahi,PG-MBA,KZ-VOS,12265 Morrow Circle,50,9/19/2022,
Siirt,TR-56,CN-54,8 Waxwing Court,2001,4/3/2023,11713
Taba,EG-SIN,ZA-NL,26 Grasskamp Court,2415,11/24/2022,249
Marshall,US-MN,US-MT,99 Ohio Alley,1183,6/16/2022,1986
Kulik Lake,US-AK,US-AZ,2 Corscot Hill,717,5/28/2022,5262
Portimão,PT-08,YE-MA,97257 Delladonna Way,5,2/4/2023,3300
Santiago de Compostela,ES-GA,BD-5,24705 Pine View Center,1213,5/14/2022,125
Taipei,TW-TAO,PK-NA,1419 Kinsman Lane,106,7/27/2022,4146
Yan'an,CN-61,US-IN,5 Jenifer Trail,3100,8/7/2022,591
Stephenville,CA-NL,NO-12,19675 Crowley Drive,84,4/27/2022,160
Sármellék,HU-ZA,US-NJ,7 Mallard Way,408,5/26/2022,95
Jizan,SA-09,IT-75,174 Gerald Lane,20,8/18/2022,177
Ambler,US-AK,MX-GUA,1 Carpenter Pass,334,5/18/2022,5956
Kangaroo Island,AU-SA,CN-35,5105 Ridgeview Street,545,11/7/2022,830
Tartagal,AR-A,CF-AC,95 Farragut Hill,1472,11/11/2022,1378
Rodez/Marcillac,FR-N,SE-BD,2163 School Street,1910,11/3/2022,1245
Miramichi,CA-NB,CA-AB,858 Kenwood Trail,108,10/10/2022,3300
Hemet,US-CA,CA-NT,127 Farwell Crossing,1512,1/26/2023,1413
Yotvata,IL-D,TD-GR,52065 Farwell Road,249,10/7/2022,1293
El Calafate,AR-Z,US-MN,8509 Redwing Court,732,12/23/2022,1232
Isla del Rey,PA-8,AF-KDZ,810 Manitowish Road,70,3/14/2023,1457
,IN-MP,CA-NT,67 Donald Pass,1060,8/1/2022,268
Andrews,US-SC,AU-NSW,64 Briar Crest Drive,26,5/19/2022,3433
Waukesha,US-WI,PH-SUR,7 Bartillon Parkway,911,11/27/2022,16
Lawrenceville,US-GA,IN-KL,710 Chive Junction,1061,3/23/2023,342
,AF-NAN,MY-11,618 Grasskamp Lane,1814,4/4/2023,18
,JP-47,CN-42,28 Loftsgordon Terrace,143,9/13/2022,
Adana,TR-01,US-AK,4 Merry Plaza,238,2/17/2023,242
Kadapa,IN-AP,TH-76,469 Reindahl Terrace,430,9/10/2022,62
Corozal,BZ-CZL,AU-TAS,4 Mcguire Point,40,1/12/2023,562
Uvalde,US-TX,US-AR,92 Daystar Place,942,3/3/2023,716
Columbus,US-GA,LK-2,0793 Mendota Point,397,2/24/2023,3580
Sterling/Rockfalls,US-IL,IN-MM,39 Oakridge Circle,648,4/30/2022,2136
Funter Bay,US-AK,US-AR,7 Eagle Crest Center,0,12/9/2022,716
Ogallala,US-NE,CN-65,40208 Melby Avenue,3279,11/2/2022,1253
Roper Bar,AU-NT,US-WI,9179 Mallory Park,92,10/4/2022,1277
Sumy,UA-59,US-LA,93 Dahle Lane,594,1/7/2023,24
Fort McMurray,CA-AB,US-PA,2284 Red Cloud Pass,1211,3/19/2023,1069
Fritzlar,DE-HE,EC-L,17345 Hanover Pass,1345,7/12/2022,4056
Gobernador Gregores,AR-Z,CV-B,9392 Forest Road,356,9/2/2022,69
Teixeira De Freitas,BR-BA,US-DE,7 Sherman Junction,344,5/9/2022,80
,DZ-02,DK-82,87385 Caliangt Street,463,1/2/2023,17
Houston,US-TX,US-TX,9 Prairieview Avenue,152,3/10/2023,1387
Cartago,CO-VAC,BR-SC,18 School Place,2979,6/25/2022,120
Niamey,NE-8,US-TX,954 Butternut Avenue,732,10/9/2022,2803
Toli Toli-Celebes Island,ID-ST,BR-SC,909 Clarendon Street,40,5/14/2022,4462
Bokoro,TD-CB,SK-KI,3649 Rowland Circle,984,12/4/2022,755
Drummond Island,US-MI,GT-PE,4239 Huxley Plaza,668,8/27/2022,573
Jasper,US-TX,AU-NT,4025 Graedel Point,213,8/6/2022,83
Esquel,AR-U,US-WI,7629 Lighthouse Bay Street,2621,4/13/2023,903
Harper,LR-MY,CO-ANT,5 Kipling Circle,20,3/13/2023,2060
Toms River,US-NJ,VU-TAE,03 Hooker Center,82,7/30/2022,630
Los Angeles,CL-BI,ZM-03,48 Sheridan Trail,374,8/17/2022,3360
Chistochina,US-AK,US-CA,73336 Schurz Court,1850,5/7/2022,5
Kings Canyon Resort,AU-NT,US-UT,891 Hagan Point,2100,2/15/2023,6966
Lübeck,DE-SH,US-CA,3756 La Follette Trail,53,5/25/2022,125
Chicago/Prospect Heights/Wheeling,US-IL,BR-MG,487 Montana Point,647,10/6/2022,561
Yiwu,CN-33,BN-BM,9 Helena Street,262,12/20/2022,73
Richmond,AU-NSW,US-UT,5 Aberg Junction,67,4/25/2022,4227
Awassa,ET-OR,UA-12,9 Dennis Circle,5450,4/5/2023,481
Mueda,MZ-P,US-PA,3936 Lotheville Center,2789,7/25/2022,1915
Trabzon,TR-61,US-IN,74834 Sutteridge Point,104,7/14/2022,418
Grimsby,GB-ENG,US-CA,7 Clemons Center,,7/27/2022,505
Marion,US-OH,RU-SA,50922 Monica Pass,993,4/1/2023,950
Magas,RU-IN,NZ-CAN,777 Johnson Plaza,1165,8/20/2022,1575
Ukiah,US-CA,PA-KY,6 Ronald Regan Parkway,614,6/21/2022,55
Waukesha,US-WI,HR-13,590 Moland Alley,911,5/12/2022,289
Nicaro,CU-11,US-MI,15675 Spohn Street,26,10/25/2022,690
San Diego,US-CA,TR-64,4 Vera Trail,26,10/24/2022,2897
Portland,US-OR,US-WY,3232 Corscot Drive,39,5/22/2022,6159
Windarling Mine,AU-WA,FR-O,04468 Grayhawk Road,1502,6/13/2022,452
Palu-Celebes Island,ID-ST,US-AK,3543 Dakota Park,284,5/21/2022,0
,PF-U-A,ZM-01,5511 Jenna Place,9,2/4/2023,3670
Padova,IT-34,US-NE,38252 Ronald Regan Plaza,44,8/24/2022,2583
Berlin,DE-BR,CO-HUI,1256 Manley Avenue,157,9/13/2022,6017
Erie,US-PA,BR-AM,11615 Warrior Place,732,8/2/2022,87
Barra Do Garças,BR-MT,MX-CHP,829 Larry Alley,1147,1/27/2023,5161
Landivisiau,FR-E,US-IA,4738 Bobwhite Street,348,1/25/2023,953
,VE-F,MX-AGU,014 Birchwood Plaza,1574,5/2/2022,6112
Big Spring,US-TX,PL-MZ,6203 Farwell Trail,2573,5/22/2022,341
,AU-QLD,SD-24,7621 Mcguire Way,1335,12/31/2022,1582
Madrid,ES-M,FM-TRK,373 Mesta Hill,1998,11/26/2022,11
Mesa,US-AZ,BR-SP,0890 Spenser Point,1394,2/12/2023,2122
Karimunjawa,ID-JT,ES-AR,175 Pawling Way,35,5/11/2022,863
Hayward,US-WI,BR-PA,954 Pearson Trail,1216,11/10/2022,60
,SA-04,GL-U-A,684 Northwestern Plaza,84,7/14/2022,
Paamiut,GL-U-A,MK-003,9 Kenwood Trail,120,10/23/2022,2313
,AU-NSW,US-AK,433 South Street,504,5/18/2022,305
Riverton,US-WY,HN-FM,771 Granby Point,5525,5/14/2022,3294
Midland,US-TX,US-OK,7415 Oak Drive,2871,11/30/2022,1202
,AU-TAS,BR-BA,7 Vermont Way,20,12/7/2022,1454
Qasigiannguit,GL-U-A,BR-SP,17 American Crossing,70,4/26/2022,3012
Grand-Santi,GF-SL,RU-TUL,1 Arizona Lane,207,2/11/2023,499
Weatherford,US-TX,IE-WD,9 Carpenter Plaza,990,7/23/2022,119
Adana,TR-01,BF-GNA,7 Meadow Vale Drive,238,4/29/2022,984
Kibuli,PG-GPK,CN-23,90 Packers Pass,54,7/22/2022,883
,PG-MPL,US-CA,1 Forster Court,5127,6/29/2022,28
Moab,US-UT,AU-NSW,7798 Warbler Avenue,4557,9/24/2022,921
Ikerassaarsuk,GL-U-A,PG-HE,340 Rigney Point,165,5/29/2022,5638
Batom-Papua Island,ID-PA,PK-BA,616 High Crossing Avenue,576,4/25/2022,3289
Tomanggong,MY-12,NA-KE,87371 Stone Corner Court,26,1/13/2023,3314
Delingha,CN-63,BA-BIH,4361 Sunfield Drive,9843,1/9/2023,156
San Angelo,US-TX,TH-63,8934 Continental Parkway,1919,4/22/2023,690
Bamarni,IQ-DA,AU-TAS,57979 Longview Circle,3455,8/29/2022,13
El Debba,SD-01,MA-FES,956 Northland Park,843,4/14/2023,1900
Kuujjuarapik,CA-QC,US-AK,6 Talisman Alley,34,9/12/2022,399
Long Sukang,MY-13,NO-18,2396 Forest Run Alley,1200,9/15/2022,95
Onundarfjörður,IS-4,IN-AN,1338 Blue Bill Park Terrace,70,6/21/2022,14
Kotabangun-Borneo Island,ID-KI,JP-01,82 Longview Street,13,6/15/2022,721
Chitose / Tomakomai,JP-01,ST-P,9716 Eliot Junction,82,4/20/2023,591
Redding,US-CA,MG-M,05 Blackbird Terrace,505,8/9/2022,40
Mount Clemens,US-MI,US-TN,43893 Fallview Pass,580,12/6/2022,1014
Asunción,PY-11,US-KY,39346 Hayes Court,292,11/18/2022,927
Malatya,TR-44,CG-14,200 Kensington Road,2828,6/4/2022,2634
Villa Gesell,AR-B,PG-NPP,5 Corry Pass,32,10/2/2022,1044
Wagga Wagga,AU-NSW,PH-BTN,1229 Pawling Avenue,724,7/10/2022,291
Kärdla,EE-39,CO-SAN,249 Kedzie Hill,18,12/3/2022,740
La Lima,HN-CR,SE-BD,5 Lunder Plaza,96,12/23/2022,65
Argyle Downs,AU-WA,ID-MA,726 Meadow Valley Drive,407,4/24/2022,10
Belfort,FR-I,FR-N,5 Eggendart Road,1208,10/31/2022,788
Karasabai,GY-UT,DE-HE,144 Schlimgen Crossing,731,7/11/2022,384
Trollhättan,SE-Q,PK-TA,200 Knutson Junction,137,6/23/2022,4550
Engati,PG-MPL,ID-BB,1341 Moose Drive,3715,4/5/2023,164
Vidalia,US-GA,AU-WA,3 Mallard Drive,275,10/27/2022,2300
,IN-MM,AU-VIC,7 Northfield Terrace,305,3/25/2023,234
Ramagundam,IN-TG,US-VA,6409 Shelley Avenue,670,5/21/2022,47
Bordeaux/Mérignac,FR-B,TC-MC,46409 Little Fleur Center,162,2/8/2023,9
Nancy/Essey,FR-M,ZA-NP,56 Sundown Trail,751,8/21/2022,1245
Ken Jones,JM-04,MN-055,5 Stuart Avenue,20,8/2/2022,5522
Nazca,PE-ICA,LA-LP,4 Lakewood Court,1860,3/31/2023,955
Houston,US-TX,CA-QC,353 Evergreen Parkway,82,9/3/2022,700
Hat Yai,TH-90,KE-400,70953 Esch Way,90,8/29/2022,2000
Pasir Pengarayan-Sumatra Island,ID-RI,MY-13,33726 Monica Lane,151,8/17/2022,14
Kepi-Papua Island,ID-PA,AU-NSW,9 Crest Line Way,67,8/24/2022,2117
Encarnación,PY-7,US-CA,323 Darwin Street,659,3/18/2023,135
Beni,CD-NK,US-NY,02 Hooker Point,3517,8/5/2022,693
Kaélé,CM-EN,BR-GO,3187 Bunting Park,1276,7/20/2022,3648
Gwangju,KR-29,US-KS,61 Veith Park,39,5/30/2022,1208
Katmai National Park,US-AK,PE-PUN,70 Logan Park,36,4/25/2022,12552
,TH-54,RU-LIP,61173 Service Trail,538,1/30/2023,584
Santa Cruz,BZ-CZL,IS-4,5 Blue Bill Park Alley,18,2/3/2023,90
Fort Richardson(Anchorage),US-AK,US-NE,3 Golf Course Trail,378,6/27/2022,2589
Angoche,MZ-N,CA-SK,51 Blackbird Plaza,121,10/2/2022,2680
Bucaramanga,CO-SAN,PE-LAL,62689 Spaight Circle,3897,8/18/2022,106
Catalão,BR-GO,US-IN,5 Debs Place,2612,4/21/2023,819
Ulundi,ZA-NL,IE-D,1 Londonderry Pass,1720,7/15/2022,242
Ugashik,US-AK,AU-NSW,8546 Amoth Drive,25,11/7/2022,
Palmas,BR-TO,US-TN,5616 Kipling Terrace,774,5/30/2022,681
,SE-BD,JP-23,948 Daystar Street,542,11/25/2022,15
Clayton,US-NM,US-FL,278 Main Road,4965,2/2/2023,142
Marsa Alam,EG-BA,IN-TN,25481 Longview Alley,251,11/30/2022,184
Flinders Island,AU-TAS,MM-03,119 Cascade Junction,10,5/22/2022,151
Cocoa Beach,US-FL,AU-NT,07 Linden Way,8,12/13/2022,304
Minya,EG-MN,PE-MDD,11627 Russell Terrace,121,10/21/2022,659
Tampere / Pirkkala,FI-LS,NG-LA,8768 Hoepker Court,390,12/19/2022,135
Huvadhu Atoll,MV-28,CA-NT,92767 Independence Street,2,4/25/2022,703
Arbil,IQ-AR,ID-NB,110 Porter Avenue,1341,12/19/2022,52
Rajkot,IN-GJ,US-SD,32 Monument Circle,441,8/15/2022,2571
Nankoku,JP-39,US-MI,113 Pennsylvania Park,42,8/25/2022,1230
Puerto San José,GT-ES,QA-RA,902 Hansons Park,29,10/16/2022,130
Fontvieille,MC-U-A,MM-17,3385 Sachtjen Hill,20,3/16/2023,2798
Vancouver,CA-BC,AU-WA,4 Esker Junction,6,4/1/2023,
Olongapo City,PH-ZMB,US-LA,5 Golf View Plaza,64,7/27/2022,42
Yari,CO-CAQ,PG-ESW,06 Elmside Pass,569,10/23/2022,70
Caquetania,CO-MET,DZ-01,8519 Golf Course Circle,900,1/24/2023,1303
Álamos,MX-SON,BZ-CY,5 Novick Court,1312,1/29/2023,343
Jaqué,PA-5,LK-1,2027 Darwin Park,29,10/24/2022,17
Bahir Dar,ET-AM,PG-JI,26 Oak Valley Junction,5978,9/23/2022,4400
Launceston,AU-TAS,CA-BC,9 Shoshone Hill,562,1/5/2023,0
Corozal,CO-SUC,NE-1,852 Clarendon Lane,528,6/27/2022,1443
Garachiné,PA-5,CO-MAG,67311 Namekagon Junction,42,9/6/2022,69
Ajmer,IN-RJ,UZ-QR,9 Comanche Junction,,8/15/2022,246
Mosquera,CO-NAR,AU-QLD,8383 Anderson Pass,50,2/11/2023,77
Branson,US-MO,IT-82,2 Warner Avenue,1302,6/26/2022,25
Kandep,PG-EPW,MM-04,11331 Melby Terrace,7710,11/3/2022,312
Ad Damazin,SD-24,CV-S,4176 Jackson Hill,1582,9/19/2022,64
Batouri,CM-ES,ID-PA,248 Pine View Center,2152,12/14/2022,6527
Namibe,AO-NAM,RU-CHU,10245 Susan Way,210,10/15/2022,194
Marudi,MY-13,ZA-NL,11 Holmberg Center,103,4/10/2023,249
,PF-U-A,MH-KWA,54802 Manitowish Park,12,7/23/2022,9
,AU-NSW,CA-ON,50 Gerald Alley,650,5/13/2022,529
Kaohsiung City,TW-KHH,CI-03,59292 Harper Center,31,6/24/2022,1102
Basalt,AU-QLD,BF-COM,34840 Truax Avenue,1099,4/16/2023,984
Mysore,IN-KA,AU-QLD,52 Bultman Place,2349,2/2/2023,82
Quanzhou,CN-35,PG-MPL,5 Chinook Plaza,,12/22/2022,40
,DE-NW,CK-U-A,4246 Fulton Lane,296,10/12/2022,19
George,ZA-WC,US-AK,64800 Vera Point,648,4/3/2023,0
Chifeng,CN-15,US-VA,0 Mallard Hill,,3/21/2023,26
Sue Islet,AU-QLD,US-AK,00701 Browning Hill,3,5/3/2022,547
Farmington,US-MO,US-AZ,70000 Jenifer Alley,946,6/8/2022,4780
Djelfa,DZ-17,US-OK,41 Stone Corner Plaza,3753,1/15/2023,1420
Higuerote,VE-M,US-IN,32 Scoville Center,12,12/28/2022,895
Pweto,CD-KA,AU-VIC,47249 Hayes Street,3425,12/20/2022,807
Road Town,VG-U-A,US-AR,8 Moulton Park,15,6/9/2022,719
Baker City,US-OR,AF-BDS,5 Waywood Drive,3373,9/11/2022,6700
Ipiales,CO-NAR,ID-AC,37 Lunder Terrace,9765,12/24/2022,393
Ablow,VU-TOB,GB-SCT,2 Annamark Court,63,12/30/2022,20
Mangaia Island,CK-U-A,ZA-WC,07281 Forster Place,45,2/21/2023,465
Penrhyn Island,CK-U-A,BY-MI,93471 Garrison Crossing,8,2/4/2023,670
Wuhai,CN-15,US-CA,1209 Judy Avenue,3650,3/1/2023,135
Bila,SB-ML,US-AK,926 Loeprich Point,23,3/23/2023,30
Doylestown,US-PA,MY-08,86407 Straubel Crossing,394,9/3/2022,40
Redhill,GB-ENG,JP-31,0 Hollow Ridge Terrace,222,11/14/2022,65
Wuvulu Island,PG-MRL,US-TX,59446 Pond Junction,16,10/5/2022,1791
Doha,QA-DA,US-GA,480 Kinsman Parkway,13,1/10/2023,187
,VE-C,CM-OU,80 Lighthouse Bay Hill,295,5/31/2022,4593
Nipa,PG-SHM,CK-U-A,9174 Forest Run Alley,5765,11/22/2022,14
,AU-WA,US-OR,9176 Northland Place,29,12/21/2022,1126
Baie-Johan-Beetz,CA-QC,CN-36,3931 Golf Road,,2/23/2023,281
Mangole Island,ID-MU,AR-E,07154 North Road,889,1/10/2023,242
Mohe,CN-23,LK-1,837 Montana Plaza,1836,5/3/2022,10
Oeiras,BR-PI,AU-QLD,50 Schiller Crossing,820,12/31/2022,930
Glentanner Station,NZ-CAN,PF-U-A,756 Melvin Street,1824,4/5/2023,7
,AU-WA,PY-1,0 Dorton Park,7,11/20/2022,286
Latrobe,AU-TAS,GB-SCT,6590 Crescent Oaks Place,12,5/27/2022,
Kansas City,US-MO,CA-BC,17 Hudson Hill,1026,5/19/2022,0
Corolla,US-NC,AO-BIE,1163 Kennedy Point,16,5/19/2022,5618
Legazpi City,PH-ALB,ZA-NP,81457 Lien Alley,66,8/22/2022,3357
Kaélé,CM-EN,PA-1,85 Corry Park,1276,4/4/2023,10
Ogoki Post,CA-ON,NZ-MWT,81347 Goodland Drive,594,10/7/2022,27
Dang,NP-RA,BR-PA,4 Kinsman Trail,2100,12/17/2022,60
,DZ-02,ID-NT,2 Bultman Crossing,463,10/23/2022,335
Jubail,SA-04,MM-01,5741 Surrey Terrace,26,6/28/2022,6000
Dahl Creek,US-AK,PG-CPM,5 Starling Alley,260,5/19/2022,5800
Fort Worth,US-TX,CH-NW,7192 Dunning Circle,722,6/25/2022,1475
,MA-KEN,CN-23,83 Pepper Wood Parkway,16,10/2/2022,
Virac,PH-CAT,US-AK,14226 Derek Circle,121,4/25/2022,99
St-Augustin,CA-QC,AR-G,2327 Del Sol Park,20,7/7/2022,656
La Plata,AR-B,PE-UCA,40561 Main Hill,72,11/25/2022,513
Parintins,BR-AM,JP-47,0079 Tomscot Point,87,12/31/2022,54
Dinangat,PG-MPL,TH-45,8790 Mifflin Court,5309,11/6/2022,451
Pratas Island,TW-KHH,US-PA,87612 Glacier Hill Lane,10,9/15/2022,1503
Tissamaharama,LK-3,AT-2,94 Rusk Crossing,75,6/9/2022,1472
Buckeye,US-AZ,BR-PR,91 Forest Dale Trail,1033,10/3/2022,1867
Dandong,CN-21,BR-BA,57 Dottie Drive,30,10/27/2022,21
Medina,SA-03,US-VA,31658 Green Park,2151,1/27/2023,1201
Ordu,TR-52,BR-MG,16691 Lillian Circle,11,8/30/2022,3025
Tingo Maria,PE-HUC,MZ-I,79724 Bluestem Road,2010,8/23/2022,30
Kulyab,TJ-KT,SR-SI,0279 Pepper Wood Plaza,2293,3/12/2023,236
Natitingou,BJ-AK,PT-30,4116 Hazelcrest Avenue,1512,5/17/2022,341
,PG-MPL,US-TX,522 Fairfield Terrace,5750,1/17/2023,542
San Cristobal de las Casas,MX-CHP,US-AK,3549 Randy Road,7707,2/4/2023,15
Anggi-Papua Island,ID-PB,MY-08,810 Clarendon Parkway,6644,11/20/2022,25
Luleå,SE-BD,MV-29,57466 Shoshone Terrace,65,9/13/2022,17
Merdei-Papua Island,ID-PB,PG-MRL,899 Merrick Lane,425,4/23/2023,16
Espargos,CV-B,AU-SA,4619 Dakota Point,177,10/6/2022,76
Kandrian,PG-WBK,NC-U-A,1880 Pepper Wood Avenue,280,8/16/2022,141
Farnborough,GB-ENG,US-TX,9 Londonderry Park,238,9/2/2022,677
Tabatinga,BR-AM,US-MN,046 Doe Crossing Court,279,6/3/2022,1397
,TH-54,US-WA,3651 Colorado Plaza,538,10/12/2022,433
Columbia,US-SC,NA-KE,223 Bashford Drive,193,11/24/2022,3314
Tacheng,CN-65,US-TN,75 Kensington Junction,,2/12/2023,1608
Ithaca,US-NY,AU-NSW,0948 Milwaukee Road,1099,8/27/2022,21
Iranshahr,IR-13,CU-04,3478 Lukken Parkway,2040,9/2/2022,210
Kingfisher Lake,CA-ON,PG-ESW,9 Oak Road,866,9/27/2022,466
Kattiniq,CA-QC,CN-37,21536 Miller Alley,1902,9/23/2022,134
Venice,IT-34,BD-4,370 Warrior Pass,7,2/4/2023,20
Sumter,US-SC,CA-BC,299 Calypso Junction,182,10/31/2022,116
El Aaiún,EH-U-A,GN-B,0 Holmberg Alley,207,6/29/2022,499
Kupang-Timor Island,ID-NT,US-AK,86 Hanson Drive,335,8/21/2022,16
Makin Island,KI-G,US-OR,1 Pond Point,,7/10/2022,39
Faro,PT-08,AU-VIC,00 New Castle Alley,24,7/26/2022,165
Chigorodó,CO-ANT,US-AK,88 Morrow Pass,110,10/1/2022,1291
Gachsaran,IR-18,US-AK,22 Moland Center,2414,1/8/2023,215
Båtsfjord,NO-20,AR-B,18738 Kingsford Crossing,490,2/19/2023,551
Kunashir Island,RU-SAK,MM-11,40373 Pennsylvania Avenue,584,11/3/2022,475
George,ZA-WC,PG-EHG,0758 Mccormick Crossing,648,2/1/2023,6050
Puas Mission,PG-NIK,MZ-A,92485 Sage Alley,45,8/9/2022,1919
Alton/St Louis,US-IL,AU-QLD,9462 5th Way,544,11/9/2022,657
Ranai-Natuna Besar Island,ID-RI,CN-36,0 Bluejay Road,7,9/5/2022,340
Maseru,LS-A,EC-L,57243 Thackeray Lane,5348,6/15/2022,4056
Bossier City,US-LA,CO-ARA,60 Luster Way,166,5/28/2022,512
Zanjan,IR-11,AU-NT,0 Helena Lane,5382,11/8/2022,
Santarém,BR-PA,UY-CA,82103 Corry Point,440,1/31/2023,105
Allentown,US-PA,MX-OAX,7402 Forest Dale Terrace,393,6/24/2022,464
O'Neill,US-NE,BR-GO,9 Ramsey Park,2031,4/8/2023,2756
,JP-47,US-AK,7 Dapin Junction,70,2/22/2023,25
Ruby,US-AK,BR-CE,75 Artisan Street,658,3/26/2023,1392
Manistee,US-MI,BR-AC,93092 Sutteridge Center,621,8/26/2022,646
Magdalena,BO-B,ZA-NL,2 Green Ridge Lane,462,9/8/2022,4074
Anatom Island,VU-TAE,CN-53,5614 Cardinal Avenue,7,2/16/2023,6903
Bandar Lengeh,IR-23,US-TX,4478 Park Meadow Parkway,67,10/24/2022,2430
Sapporo,JP-01,AR-C,368 American Ash Lane,25,5/7/2022,18
Chimbote,PE-ANC,US-FL,343 Heffernan Crossing,69,4/17/2023,10
Anyang,CN-41,ID-NT,724 Dixon Pass,,1/8/2023,115
Paro,BT-11,BR-AC,4 Sheridan Avenue,7332,4/14/2023,637
,AU-QLD,IN-GJ,3 Waywood Terrace,15,8/28/2022,189
Shaoyang,CN-43,IN-RJ,74 Maple Wood Point,1444,7/28/2022,1684
Ube,JP-35,KE-400,0 Sunfield Circle,23,8/3/2022,4395
Milan,IT-25,PR-U-A,773 American Ash Point,353,11/13/2022,100
Linga Linga,PG-WBK,US-MA,92983 Di Loreto Plaza,17,9/19/2022,80
Lindeman Island,AU-QLD,OM-MU,174 Beilfuss Hill,,1/31/2023,100
Titusville,US-FL,CO-VAC,1 Monterey Junction,34,11/17/2022,48
,AU-QLD,BR-SC,28103 Cordelia Street,955,5/23/2022,3065
Tarawa,KI-G,AF-FRA,7 Pankratz Center,9,12/20/2022,3773
San Ignacio de Velasco,BO-S,PG-SAN,702 Pawling Center,1354,10/19/2022,2500
Badajoz,ES-EX,GF-CY,810 Graceland Circle,609,12/19/2022,46
,DE-NW,ID-NT,13849 Mccormick Parkway,424,1/4/2023,3510
Preston,CU-11,US-CA,614 Messerschmidt Park,13,4/4/2023,4124
Yancheng,CN-32,AU-NSW,970 Pearson Junction,,1/12/2023,584
Columbus,US-IN,US-AK,4 Huxley Avenue,656,4/23/2023,67
Nápoli,IT-72,US-IN,3 Roxbury Way,294,3/19/2023,895
,DE-NW,DZ-08,72 Buell Point,296,2/11/2023,2661
Matupá,BR-MT,CA-NU,7 Tennyson Pass,886,1/19/2023,90
Hervey Bay,AU-QLD,FR-M,700 Portage Point,60,2/17/2023,629
Manja,MG-U,JP-06,53602 Rutledge Pass,787,12/31/2022,86
Chongqing,CN-50,CN-15,44471 Badeau Street,1365,3/8/2023,
Ji'an,CN-36,BR-RS,82 Red Cloud Way,281,10/3/2022,472
Nightmute,US-AK,US-NY,556 8th Hill,4,9/15/2022,10
Granville,FR-P,US-AR,351 Knutson Terrace,45,11/10/2022,224
Agen/La Garenne,FR-B,TL-BA,8897 Saint Paul Street,204,9/6/2022,1771
Atar,MR-07,US-FL,68569 Old Gate Park,734,8/3/2022,20
Yichang,CN-42,KE-900,9 Truax Crossing,673,3/30/2023,4163
Ghadames,LY-NL,US-FL,414 Buena Vista Street,1122,9/30/2022,37
Paris,FR-J,EC-C,57 Pine View Trail,291,8/29/2022,9649
Jember,ID-JI,JP-17,376 Huxley Alley,281,4/9/2023,718
Tbeng Meanchey,KH-13,CU-07,68 Petterle Junction,350,9/15/2022,13
Surgut,RU-KHM,RU-ROS,9 Buena Vista Center,200,11/21/2022,280
St-Augustin,CA-QC,US-CO,01 Thompson Terrace,20,3/16/2023,9070
Pagosa Springs,US-CO,FI-LS,24 Walton Park,7664,11/20/2022,19
Tamarindo,CR-G,AU-WA,66 Forest Street,41,1/19/2023,
Detroit Lakes,US-MN,EG-SHG,82 Bluestem Point,1397,3/20/2023,310
Greenwood,US-SC,US-GA,9 Jana Center,631,4/4/2023,232
Westfield/Springfield,US-MA,CO-ANT,6 Kim Street,271,7/16/2022,2184
Ada,US-OK,CN-23,07 Maple Wood Plaza,1016,4/2/2023,760
Tatau Island,PG-NIK,AR-Z,54584 Elgar Crossing,40,4/12/2023,364
Fort Huachuca Sierra Vista,US-AZ,TL-BA,5 Veith Circle,4719,1/25/2023,1771
Rewa,IN-MP,JP-13,40215 Hintze Junction,1000,4/2/2023,205
Sélibaby,MR-10,CA-BC,210 Mendota Alley,219,3/3/2023,25
Conakry,GN-C,CA-MB,305 Sullivan Hill,72,7/4/2022,621
Koutiala,ML-3,CA-NU,7 Valley Edge Drive,1240,5/12/2022,59
Coldfoot,US-AK,AU-NSW,7898 Pawling Lane,1042,1/5/2023,540
Cooper Landing,US-AK,US-MI,09 Pearson Crossing,450,3/2/2023,603
Malabo,GQ-BN,US-AK,6632 Park Meadow Court,76,5/26/2022,155
Fort Mackay,CA-AB,US-OK,174 Magdeline Point,916,10/13/2022,1922
Goodland,US-KS,JP-27,4770 Crownhardt Plaza,3656,10/16/2022,26
Deering,US-AK,US-IL,031 Scoville Point,21,10/26/2022,590
Angelsey,GB-WLS,FI-IS,3263 Carioca Trail,37,9/19/2022,311
Popayán,CO-CAU,AU-QLD,2 Aberg Pass,5687,12/19/2022,158
Osaka,JP-27,US-CA,571 Clemons Parkway,26,1/1/2023,7135
Atmautluak,US-AK,BR-SE,26033 Starling Lane,17,8/5/2022,23
Assiut,EG-WAD,CO-SAN,4 Marcy Park,772,8/3/2022,6377
Aurora,SR-SI,ID-SG,054 Doe Crossing Way,236,12/1/2022,164
Tamale,GH-NP,RO-CJ,76 Buell Parkway,553,3/8/2023,1036
Västervik,SE-H,US-MT,17905 Riverside Court,,6/6/2022,4245
State College,US-PA,US-FL,5686 Mendota Park,1239,1/1/2023,18
Cayo Santa Maria,CU-07,US-VA,4 Anhalt Circle,13,4/11/2023,329
Villa Claret,CO-CHO,LK-3,3 Corscot Place,148,6/6/2022,75
Yamoussoukro,CI-07,AU-NT,2 Derek Point,699,8/26/2022,91
Empangeni,ZA-NL,CA-NL,46311 High Crossing Circle,251,2/1/2023,30
Tuscaloosa,US-AL,US-NV,5307 International Drive,170,8/23/2022,3963
Attawapiskat,CA-ON,NO-18,43 Dapin Street,31,1/19/2023,56
Bengbu,CN-34,ET-GA,98038 Novick Place,100,3/18/2023,4396
Bradford,US-IL,SD-05,8298 Dexter Pass,808,10/12/2022,1480
Reivilo,ZA-NW,US-AK,8 Hoepker Avenue,4715,10/24/2022,305
Temple,US-TX,US-OK,78 Sycamore Point,682,2/22/2023,1167
Tarapaina,SB-ML,NU-U-A,976 Service Place,80,3/13/2023,209
Oradea,RO-BH,PG-WPD,483 Fieldstone Drive,465,7/22/2022,51
Cooperstown,US-NY,AU-NSW,80 Lawn Drive,1260,12/30/2022,85
Malanje,AO-MAL,CL-VS,1167 Blackbird Terrace,3868,10/25/2022,227
Kapit,MY-13,US-OR,28 Superior Junction,65,2/24/2023,31
Cascavel,BR-PR,LS-C,07343 Scoville Drive,2473,8/18/2022,7000
Tanjung Pandan-Belitung Island,ID-BB,US-MN,77221 Hooker Circle,164,2/22/2023,1445
Raton,US-NM,CN-65,41 International Junction,6352,6/5/2022,
Atlantic City,US-NJ,YE-BA,99311 Dorton Terrace,8,7/5/2022,
Drayton Valley,CA-AB,ID-SB,2 Lakewood Circle,2776,9/27/2022,18
,PG-MPL,ES-AN,8 Dovetail Way,4700,3/2/2023,112
,AU-WA,US-OR,0881 Michigan Circle,1750,8/4/2022,2437
Aitutaki,CK-U-A,CN-15,43014 Clove Terrace,14,12/22/2022,2925
Jiwani,PK-BA,LR-MY,059 Loomis Junction,186,1/31/2023,20
Augusta,US-GA,MZ-I,2 Acker Crossing,423,12/12/2022,30
Doha,QA-DA,US-CA,49 Rigney Hill,35,9/23/2022,155
Waco,US-TX,KI-G,63 Londonderry Pass,516,11/27/2022,
Puerto Limon,CR-L,SA-04,28852 Forest Run Park,7,5/23/2022,26
Brazoria,US-TX,AU-NSW,7 Moland Park,15,5/22/2022,31
Martha's Vineyard,US-MA,CN-44,431 Kennedy Place,67,8/24/2022,125
Masalembo Island,ID-JI,US-OR,9 Darwin Hill,30,12/12/2022,459
Mengomeyén,GQ-WN,US-OR,3 Delladonna Plaza,2165,12/5/2022,17
Tunis,TN-11,IR-01,600 Donald Alley,22,7/21/2022,4459
Toronto,CA-ON,TO-01,78567 Charing Cross Crossing,252,10/2/2022,325
Owerri,NG-IM,PL-PK,62867 Cardinal Park,373,9/28/2022,675
Zoersel,BE-VAN,MR-12,64 Blackbird Drive,53,7/7/2022,403
Rawson,AR-U,US-AK,75337 Scofield Plaza,141,5/26/2022,302
Abuja,NG-FC,BR-RS,5907 Roth Park,1123,1/22/2023,459
Abilene,US-TX,IT-88,628 Loomis Way,1789,3/8/2023,100
Rouyn-Noranda,CA-QC,GB-ENG,8 Lotheville Junction,988,9/18/2022,55
Tonopah,US-NV,IR-08,119 Wayridge Street,5549,1/2/2023,6723
Labuha-Halmahera Island,ID-MU,CN-44,836 Oakridge Trail,49,6/25/2022,13
Ajmer,IN-RJ,US-NH,22 Esker Way,,7/2/2022,545
Campbell River,CA-BC,US-MO,90615 Banding Pass,346,8/11/2022,1148
Cleveland,US-OH,IT-88,3066 Hallows Point,583,3/17/2023,100
Chattanooga,US-TN,GB-SCT,69 Schiller Circle,683,10/6/2022,263
Goba,ET-OR,US-MN,5 Fordem Park,7892,11/12/2022,1183
Washington,US-DC,TR-01,0 Forest Run Court,20,12/7/2022,238
San Juan,AR-J,US-MS,1900 Longview Trail,1958,2/11/2023,320
Bitam,GA-9,US-TX,74 Oakridge Way,1969,12/22/2022,644
Alexandroupolis,GR-71,US-SC,21322 Spohn Alley,24,10/16/2022,364
Utirik Island,MH-UTI,DE-NW,7 Harbort Lane,4,8/20/2022,236
Mirassol,BR-SP,IN-NL,81 Lakewood Pass,1916,2/19/2023,487
Chongqing,CN-50,AR-B,720 Havey Terrace,1365,10/18/2022,262
Alice,US-TX,RU-YAN,623 Westerfield Plaza,178,9/23/2022,46
Lamidanda,NP-SA,CA-AB,4497 Everett Way,4100,9/8/2022,2193
Stella Maris,BS-LI,US-IL,680 Pankratz Park,10,4/18/2023,411
Bryan,US-TX,AU-WA,6290 Thompson Junction,367,12/24/2022,233
Charlottetown,CA-PE,US-NC,5 Evergreen Parkway,160,6/29/2022,12
Concord,US-NH,BO-C,7 Autumn Leaf Alley,342,2/12/2023,875
,AU-QLD,CA-ON,2848 Mesta Avenue,,12/25/2022,591
Bavannur,CN-15,IN-KA,90 Waubesa Street,3400,5/4/2022,30
Wau,SS-14,BR-MG,6434 Moose Point,1529,5/12/2022,3094
Fort Eustis,US-VA,AU-WA,03 Kipling Center,12,2/23/2023,1073
Angola,US-IN,FJ-W,7 Beilfuss Park,995,12/3/2022,156
Nanaimo,CA-BC,PF-U-A,58419 Kedzie Drive,92,9/13/2022,12
Lyons,US-KS,CU-11,61177 Eastwood Hill,1691,1/23/2023,16
Reims/Champagne,FR-G,US-CA,3 Prairie Rose Pass,312,4/11/2023,5284
Dilasag,PH-AUR,AU-QLD,038 Gale Parkway,60,12/3/2022,15
Colombo,LK-1,US-MT,92 Petterle Plaza,0,9/2/2022,4660
Lapu-Lapu City,PH-CEB,FR-L,49 Express Park,31,10/26/2022,1300
,MG-D,IN-JK,9545 Monument Lane,20,7/22/2022,1029
Hamilton,BM-U-A,US-LA,6 Garrison Avenue,12,3/14/2023,10
Yan'an,CN-61,CA-MB,70043 Ludington Point,3100,11/10/2022,1170
La Tabatière,CA-QC,CA-ON,9 Reindahl Parkway,102,6/10/2022,652
,IN-PB,PE-MDD,8 Homewood Drive,662,6/22/2022,797
Sulaymaniyah,IQ-SW,CA-ON,71 Bluejay Park,2494,3/20/2023,594
Craig,US-AK,GA-9,9 Onsgard Center,,8/4/2022,1969
Eilat,IL-D,IN-BR,754 Becker Street,288,12/29/2022,170
,AU-QLD,US-CO,65 Fallview Junction,542,2/21/2023,5916
,JP-03,SY-DY,0 Melby Plaza,297,3/7/2023,1278
Benson,GB-ENG,US-CA,791 Londonderry Park,226,6/28/2022,719
Ninglang,CN-53,GY-PT,33 Dwight Road,10804,10/11/2022,1797
Kalibo,PH-AKL,ML-2,7 Shasta Place,14,9/10/2022,889
Hobart,AU-TAS,US-AK,9 Granby Plaza,13,11/16/2022,0
,IN-AS,CU-14,7123 Brickson Park Crossing,240,3/14/2023,3
Nuku,PG-SAN,AO-UIG,5 Randy Plaza,870,3/5/2023,4105
Cayo Santa Maria,CU-07,HK-U-A,0 Cardinal Drive,13,5/15/2022,28
Ponta do Ouro,MZ-L,CL-LL,71 Hintze Crossing,92,2/22/2023,528
Traverse City,US-MI,GB-SCT,251 Talmadge Drive,624,1/13/2023,126
Mount Clemens,US-MI,FR-V,4231 Glendale Avenue,580,11/5/2022,779
Lake Charles,US-LA,NO-18,2 Sauthoff Junction,15,11/6/2022,42
Tolú,CO-SUC,GA-3,5 Elgar Circle,16,1/26/2023,164
Valledupar,CO-CES,IR-03,77 Mosinee Hill,483,10/8/2022,4315
Shaw River,AU-WA,MX-SON,27083 Tomscot Point,,8/24/2022,627
Oriximiná,BR-PA,CM-EN,613 Burrows Avenue,287,4/28/2022,1276
Bellavista,PE-SAM,GU-U-A,129 Heffernan Road,980,7/14/2022,627
Healy Lake,US-AK,PG-MPL,9 Hintze Junction,1180,8/20/2022,5950
Bazaruto Island,MZ-I,GY-PT,3 Spaight Pass,,7/10/2022,1797
Bathurst,AU-NSW,AU-WA,4 Barnett Parkway,2435,10/1/2022,181
Mandora,AU-WA,US-MO,136 Harper Park,,2/1/2023,946
Basongo,CD-KW,AU-NT,38454 Sunfield Road,1640,12/28/2022,2205
Teresina,BR-PI,MG-D,48692 Debra Park,219,1/5/2023,19
Manitowaning,CA-ON,DE-HH,85663 Roxbury Plaza,869,4/26/2022,53
Silur Mission,PG-NIK,US-CA,30510 5th Park,217,4/17/2023,442
Waskaganish,CA-QC,GB-SCT,2 Iowa Court,80,6/18/2022,150
,AU-NT,US-CA,98502 Dovetail Avenue,,12/3/2022,2527
Freetown,SL-N,PG-MPM,8 Southridge Terrace,84,6/2/2022,26
Komaio,PG-GPK,US-GA,2235 Lerdahl Circle,28,12/6/2022,41
Rimatara Island,PF-U-A,CA-NU,443 Loomis Street,60,10/31/2022,146
Kilkenny,IE-KK,CA-AB,997 Red Cloud Crossing,319,10/30/2022,2776
Coeur d'Alene,US-ID,GQ-AN,82002 Lunder Park,2320,11/30/2022,82
Taiyuan,CN-14,IN-ML,95 Bellgrove Crossing,2575,8/22/2022,2910
Quepos,CR-P,AU-QLD,727 Memorial Center,85,4/30/2022,
Circle,US-AK,CO-HUI,76 Bunting Lane,613,7/25/2022,6017
Sabetta,RU-YAN,US-AK,241 Luster Point,46,5/24/2022,15
Tenerife Island,ES-CN,CA-QC,69 Trailsway Place,2076,1/25/2023,244
Pilot Station,US-AK,MN-065,3824 Nelson Terrace,305,9/21/2022,7260
Kotlas,RU-ARK,IQ-SD,34 Swallow Crossing,184,12/29/2022,161
Kaunas,LT-KU,CN-36,1 Moland Way,256,3/22/2023,281
Sheghnan,AF-BDS,AR-R,3246 Dawn Center,6700,1/17/2023,1026
,PF-U-A,CN-21,716 Lake View Center,10,11/27/2022,568
Patuxent River,US-MD,GB-SCT,6288 Fremont Crossing,39,7/18/2022,17
Novato,US-CA,BO-S,10 Coolidge Pass,2,5/1/2022,1371
Silver Plains,AU-QLD,SO-JH,7219 Nobel Hill,48,6/22/2022,49
Batticaloa,LK-5,NG-RI,980 6th Road,20,7/18/2022,57
Hampton,US-IA,PG-CPM,210 Erie Street,1176,7/29/2022,58
Serui-Japen Island,ID-PA,JP-13,817 Scofield Circle,50,9/1/2022,67
Matthews Ridge,GY-BA,MG-T,20845 Westerfield Road,324,10/26/2022,4198
Cape Lisburne,US-AK,US-MI,9051 Glendale Court,16,8/31/2022,794
Vientiane,LA-VT,UA-43,7948 Red Cloud Road,564,8/29/2022,639
Overberg,ZA-WC,GN-N,231 Dapin Place,52,9/19/2022,1657
Macon,US-GA,VE-Y,07 Forster Plaza,437,9/1/2022,25
Jonesboro,US-AR,US-CA,38086 Commercial Avenue,262,3/28/2023,155
Monrovia,LR-MO,ZA-NP,34 Cherokee Parkway,25,10/1/2022,1904
Bigatyelang Island,MH-ALL,MY-15,86 Derek Pass,16,10/5/2022,101
Dansville,US-NY,VU-PAM,9 Calypso Junction,662,3/28/2023,151
Kaimana-Papua Island,ID-PB,FI-OL,11 Bobwhite Trail,19,6/2/2022,866
Portage la Prairie,CA-MB,SG-04,3 Walton Center,885,8/14/2022,22
Annette,US-AK,BR-SC,4969 Steensland Park,119,1/2/2023,3065
Gabala,AZ-QAB,PL-LB,26005 4th Alley,935,7/12/2022,194
Banda-Naira Island,ID-MA,CL-AR,59 Barby Junction,100,9/6/2022,1148
São Miguel Arcanjo,BR-SP,US-MO,30 Village Green Point,2271,12/24/2022,463
Conklin,CA-AB,AU-SA,547 Green Ridge Point,1930,3/6/2023,
Borba,BR-AM,IN-AS,08063 Donald Pass,293,10/15/2022,131
Shishmaref,US-AK,CL-LL,698 Arrowood Park,12,3/7/2023,528
Kalibo,PH-AKL,AM-ER,5 Stephen Drive,14,4/19/2023,2838
Bagotville,CA-QC,NO-18,886 Memorial Park,522,8/22/2022,237
Santa Cruz da Graciosa,PT-20,PS-RFH,23549 Bartillon Crossing,86,1/15/2023,320
Jeddah,SA-02,TD-TA,2 Derek Crossing,48,12/18/2022,1171
Baler,PH-AUR,MN-041,01 Bowman Road,108,4/27/2022,4272
Belfast,GB-NIR,MH-MAL,54 Northfield Drive,15,7/7/2022,
Puerto Putumayo,EC-U,US-NE,3 Briar Crest Road,733,12/13/2022,2131
Boulsa,BF-NAM,US-GA,14287 Thompson Drive,984,1/5/2023,943
Piedras,CO-TOL,IT-34,354 Green Lane,2192,5/21/2022,4213
Eureka,US-NV,FJ-W,5 Summit Road,5954,3/17/2023,12
Perryville,US-AK,AR-M,1631 Mcbride Hill,29,3/28/2023,2310
Ablow,VU-TOB,US-AK,8387 Westridge Crossing,63,8/18/2022,18
Sylvester,US-GA,US-MO,201 Nelson Road,403,3/30/2023,331
Valdez,US-AK,CA-QC,555 David Pass,121,4/22/2023,172
Tanjung Pinang-Bintan Island,ID-RI,US-OK,8464 Daystar Trail,52,11/8/2022,1300
Ust-Nera,RU-SA,NZ-WGN,94 Lillian Plaza,1805,6/30/2022,364
Sfax,TN-61,KR-42,85 Welch Terrace,85,1/30/2023,241
Birch Creek,US-AK,BF-BLG,414 American Ash Lane,450,11/17/2022,1017
Éléonore Mine,CA-QC,SS-14,14832 Bultman Point,692,1/29/2023,1529
New York,US-NY,US-AK,79033 Holy Cross Court,21,3/26/2023,18
Niort/Souché,FR-T,CA-ON,730 Packers Center,203,8/5/2022,460
Iginniarfik,GL-U-A,US-NY,38 Eagle Crest Street,50,7/3/2022,
Altoona,US-PA,KI-G,2 Pepper Wood Lane,1503,7/21/2022,
Lázaro Cárdenas,MX-MIC,US-GA,6162 Mcguire Alley,39,6/1/2022,142
Sabang-We Island,ID-AC,PG-MPL,83 Oxford Street,393,1/8/2023,4200
Digby,CA-NS,US-CO,43 Larry Park,499,12/10/2022,7680
Victoria,CA-BC,US-AZ,895 Summit Center,,11/20/2022,5153
Fatima Mission,PG-CPM,MX-JAL,89 Grasskamp Alley,5200,8/7/2022,23
,CH-BE,PH-NEC,655 Macpherson Road,,2/9/2023,82
Lethem,GY-UT,GL-U-A,3 Sachtjen Circle,351,12/3/2022,53
Parsabad,IR-03,CN-23,2 Banding Pass,251,1/29/2023,457
Cali,CO-VAC,JM-09,868 Lawn Plaza,3162,10/25/2022,9
Frankfurt am Main,DE-RP,US-NC,1278 Paget Junction,1649,2/25/2023,1190
Atlanta,US-GA,PR-U-A,19144 Waywood Point,1003,4/9/2023,64
Tucumã,BR-PA,CA-MB,83 Park Meadow Way,1060,1/17/2023,663
Terrace,CA-BC,GL-U-A,5 Kenwood Trail,713,2/11/2023,165
Black Tickle,CA-NL,AU-WA,11 Oriole Point,57,10/10/2022,
Mbuji Mayi,CD-KE,US-MN,44 Old Shore Plaza,2221,1/30/2023,1317
Maputo,MZ-MPM,SB-WE,883 5th Street,145,4/4/2023,13
Rockwood,US-TN,CA-AB,09 Carpenter Lane,1664,5/10/2022,3350
Port Alexander,US-AK,PA-KY,2 Petterle Alley,,9/22/2022,17
Cancún,MX-ROO,US-PA,2523 Memorial Trail,22,11/27/2022,732
Soroti,UG-211,IS-7,17 Miller Lane,3697,10/4/2022,80
Lissadell Station,AU-WA,CN-22,92021 Hanson Street,374,10/9/2022,459
,IN-HR,CO-CAS,51397 Cambridge Lane,700,1/24/2023,495
Akrotiri,GB-U-A,PL-PK,9869 Thackeray Circle,76,9/27/2022,675
Le Puy/Loudes,FR-C,PG-JI,020 Thackeray Circle,2731,1/20/2023,5150
